{"inputUnits":[34],"outputUnits":4,"inputs":{"0":{"dtype":"number","min":283.06167543166345,"max":485.6398627730195},"1":{"dtype":"number","min":152.42491191463247,"max":302.03995997803685},"2":{"dtype":"number","min":282.572843202821,"max":499.97474640723794},"3":{"dtype":"number","min":143.8587102630259,"max":291.7169177578581},"4":{"dtype":"number","min":282.97699835513816,"max":479.9966898224233},"5":{"dtype":"number","min":141.76334722496657,"max":286.0241473602414},"6":{"dtype":"number","min":308.99247581392876,"max":512.6313942044626},"7":{"dtype":"number","min":152.07330191645642,"max":301.3029580914093},"8":{"dtype":"number","min":263.91049871184947,"max":461.55980329105364},"9":{"dtype":"number","min":150.1957862943063,"max":279.76485983406985},"10":{"dtype":"number","min":340.72027184156127,"max":509.4700871924018},"11":{"dtype":"number","min":202.57411526334892,"max":335.8893902849131},"12":{"dtype":"number","min":262.7798533161327,"max":443.2862563077578},"13":{"dtype":"number","min":194.3208698910962,"max":296.0813363516841},"14":{"dtype":"number","min":314.6121554244817,"max":543.912099400383},"15":{"dtype":"number","min":145.5219135210208,"max":368.38109710337125},"16":{"dtype":"number","min":216.74250858767024,"max":440.6296076199424},"17":{"dtype":"number","min":134.61907887737112,"max":351.29702378803654},"18":{"dtype":"number","min":280.0363458269765,"max":537.8285686329644},"19":{"dtype":"number","min":71.28188255695983,"max":436.6697496941117},"20":{"dtype":"number","min":219.81030653422908,"max":518.851608098249},"21":{"dtype":"number","min":57.17201084478356,"max":377.0744626531341},"22":{"dtype":"number","min":337.721346250304,"max":495.73101711644273},"23":{"dtype":"number","min":374.62553625440785,"max":462.8634987916464},"24":{"dtype":"number","min":287.974587525839,"max":443.12144268347595},"25":{"dtype":"number","min":380.62556760320405,"max":451.74870472473856},"26":{"dtype":"number","min":342.0211412006779,"max":503.09984259104453},"27":{"dtype":"number","min":485.8568629402131,"max":575.4655236863905},"28":{"dtype":"number","min":278.3965373874174,"max":452.2083885103812},"29":{"dtype":"number","min":490.62309532313964,"max":573.8283304296115},"30":{"dtype":"number","min":337.9849563776751,"max":510.47581416623603},"31":{"dtype":"number","min":554.7269018150953,"max":596.9218427012403},"32":{"dtype":"number","min":279.1711765875612,"max":492.7880954371352},"33":{"dtype":"number","min":551.540424035217,"max":598.3244590907709}},"outputs":{"0":{"dtype":"string","min":0,"max":1,"uniqueValues":["x","i","l","a"],"legend":{"x":[1,0,0,0],"i":[0,1,0,0],"l":[0,0,1,0],"a":[0,0,0,1]}}},"isNormalized":true}